python,machine_learning,web_development,data_science,cloud,cybersecurity,career
advanced,advanced,beginner,advanced,intermediate,beginner,AI Engineer
advanced,advanced,beginner,advanced,advanced,beginner,Machine Learning Engineer
advanced,intermediate,advanced,beginner,intermediate,beginner,Full Stack Developer
advanced,beginner,beginner,advanced,intermediate,beginner,Data Scientist
intermediate,beginner,advanced,beginner,advanced,beginner,Cloud Engineer
intermediate,beginner,beginner,beginner,intermediate,advanced,Cybersecurity Analyst
advanced,advanced,intermediate,advanced,advanced,beginner,AI Engineer
intermediate,advanced,beginner,advanced,beginner,beginner,Data Scientist
advanced,intermediate,advanced,beginner,advanced,beginner,Full Stack Developer
intermediate,beginner,beginner,beginner,advanced,advanced,Cybersecurity Analyst
advanced,advanced,beginner,intermediate,advanced,beginner,Machine Learning Engineer
intermediate,intermediate,advanced,beginner,intermediate,beginner,Full Stack Developer